supplier_id,model_id,price
1,27642,280.0
1,27520,340.0
1,16508,120.0
1,16579,120.0
1,27085,160.0
1,27087,160.0
1,16435,140.0
1,16488,155.0
1,16486,155.0
1,16506,175.0
1,16503,175.0
1,16504,175.0
1,27101,185.0
1,27099,185.0
1,27108,227.0
1,27110,227.0
1,27107,227.0
1,19383,225.0
1,19385,225.0
1,19384,225.0
1,26464,305.0
1,26463,305.0
1,26462,305.0
1,26461,305.0
1,16447,285.0
1,26452,490.0
1,26449,480.0
1,26451,480.0
1,26450,480.0
1,26448,480.0
1,27112,750.0
1,27090,565.0
1,27091,565.0
1,27092,565.0
1,27857,130.0
1,27856,130.0
1,27858,130.0
1,27861,139.0
1,27860,139.0
1,27862,139.0
1,27863,139.0
1,27921,245.0
1,27898,165.0
1,27896,165.0
1,27899,165.0
1,27897,165.0
1,27852,187.0
1,27853,187.0
1,27928,207.0
1,27930,207.0
1,27929,207.0
1,27833,310.0
1,27835,310.0
1,27834,310.0
1,27836,310.0
1,27865,330.0
1,27867,330.0
1,27866,330.0
1,27868,330.0
1,27872,360.0
1,27873,360.0
1,27871,360.0
1,10611,65.0
1,10608,65.0
1,10615,135.0
1,12675,20.0
1,12677,20.0
1,12676,20.0
1,12583,20.0
1,12584,20.0
1,12621,27.0
1,12622,27.0
1,12623,27.0
1,12564,27.0
1,12589,29.0
1,12590,29.0
1,12591,29.0
1,12606,33.0
1,12565,31.0
1,12585,22.0
1,12586,22.0
1,12587,22.0
1,12588,22.0
1,12567,22.0
1,12568,22.0
1,12569,22.0
1,12570,22.0
1,12597,21.0
1,12598,21.0
1,12582,20.0
1,12616,24.0
1,12614,24.0
1,12615,24.0
1,12617,24.0
1,12673,23.0
1,12671,23.0
1,12672,23.0
1,12674,23.0
1,12603,29.0
1,12604,29.0
1,12605,29.0
1,12659,29.0
1,12663,29.0
1,12661,29.0
1,12660,29.0
1,12662,29.0
1,12664,32.0
1,12666,32.0
1,12665,32.0
1,12629,50.0
1,12631,50.0
1,12630,50.0
1,12632,50.0
1,12577,56.0
1,12576,56.0
1,12610,28.0
1,12611,28.0
1,12612,28.0
1,12668,28.0
1,12669,28.0
1,12670,28.0
1,12652,40.0
1,12655,40.0
1,12653,42.0
1,12654,40.0
1,25903,715.0
1,25908,820.0
1,9252,880.0
1,15562,1050.0
1,15563,1250.0
1,15564,1400.0
1,25990,1450.0
1,12301,1230.0
1,26063,1550.0
1,25771,1400.0
1,9719,2260.0
1,9670,3310.0
1,24765,1810.0
1,24768,1910.0
1,24774,2260.0
1,9699,3260.0
1,9700,3760.0
1,17114,3860.0
1,25967,3660.0
1,25831,4560.0
1,25840,5060.0
1,14279,780.0
1,13516,1040.0
1,13582,1800.0
1,24411,20.0
1,11517,28.0
1,2280,28.0
1,2287,28.0
1,7542,122.0
1,7541,180.0
1,2290,190.0
1,19526,210.0
1,8636,500.0
1,8639,510.0
1,8638,510.0
1,8637,575.0
1,27285,565.0
1,27284,595.0
1,27288,595.0
1,27286,595.0
1,13168,175.0
1,13173,380.0
1,13174,380.0
1,2068,205.0
1,2053,225.0
1,21363,235.0
1,21364,260.0
1,21365,270.0
1,21366,285.0
1,7538,320.0
1,7539,320.0
1,7540,320.0
1,7583,340.0
1,7584,340.0
1,11011,750.0
1,11013,750.0
1,11012,750.0
1,11017,750.0
1,11019,750.0
1,11018,750.0
1,21384,335.0
1,21381,335.0
1,21383,350.0
1,21382,350.0
1,21388,385.0
1,21385,375.0
1,21387,385.0
1,21386,385.0
1,21439,860.0
1,21440,860.0
1,7533,650.0
1,7532,650.0
1,7536,650.0
1,7519,700.0
1,7520,700.0
1,7518,700.0
1,7523,700.0
1,7521,700.0
1,7522,700.0
1,7526,700.0
1,7525,700.0
1,7524,700.0
1,7537,750.0
1,21361,750.0
1,21359,780.0
1,21372,750.0
1,21390,780.0
1,21380,930.0
1,21379,950.0
1,11491,20.0
1,1895,23.0
1,1896,23.0
1,16616,45.0
1,16615,45.0
1,23522,77.0
1,23523,77.0
1,1902,88.0
1,1903,88.0
1,25652,128.0
1,1900,134.0
1,1901,134.0
1,25649,173.0
1,2270,43.0
1,2268,43.0
1,2269,43.0
1,2266,165.0
1,15600,200.0
1,15601,200.0
1,15602,220.0
1,15603,215.0
1,15598,235.0
1,15599,235.0
1,15605,330.0
1,15604,330.0
1,15606,330.0
1,15607,330.0
1,7370,22.0
1,7371,22.0
1,7369,22.0
1,11061,25.0
1,11062,25.0
1,10649,22.0
1,11066,46.0
1,11068,46.0
1,11063,64.0
1,26902,33.0
1,26903,33.0
1,26904,33.0
1,26906,33.0
1,26907,33.0
1,26908,33.0
1,26898,70.0
1,26899,70.0
1,26900,70.0
1,27480,60.0
1,2868,50.0
1,11133,31.0
1,11134,31.0
1,8121,68.0
1,8122,68.0
1,14698,49.0
1,14700,49.0
1,14699,49.0
1,14701,67.0
1,27210,90.0
1,27212,85.0
1,27211,85.0
1,7396,40.0
1,7397,40.0
1,7394,50.0
1,7395,50.0
1,11127,90.0
1,11128,90.0
1,11129,90.0
1,27297,120.0
1,27298,120.0
1,27296,120.0
1,11130,150.0
1,11131,150.0
1,27290,175.0
1,27292,190.0
1,27291,175.0
1,27294,190.0
1,25151,185.0
1,38,50.0
1,24,50.0
1,11,100.0
1,13,100.0
1,12,100.0
1,12869,58.0
1,20452,115.0
1,20456,115.0
1,20455,115.0
1,21242,115.0
1,7679,240.0
1,7680,240.0
1,25145,395.0
1,25146,395.0
1,25149,400.0
1,10938,105.0
1,10940,105.0
1,10939,105.0
1,15572,150.0
1,15573,150.0
1,25143,185.0
1,28,165.0
1,29,165.0
1,15570,285.0
1,15571,285.0
1,26817,531.0
1,13189,30.0
1,13190,30.0
1,13354,35.0
1,6876,59.0
1,6875,59.0
1,6877,59.0
1,13356,57.0
1,13357,57.0
1,13358,57.0
1,13351,85.0
1,13369,100.0
1,13370,90.0
1,13371,90.0
1,28041,90.0
1,28044,100.0
1,28043,90.0
1,343,43.0
1,344,43.0
1,26737,43.0
1,345,43.0
1,348,95.0
1,349,95.0
1,352,178.0
1,26742,178.0
1,353,215.0
1,340,240.0
1,341,240.0
1,26734,240.0
1,342,240.0
1,26739,320.0
1,14525,335.0
1,14526,340.0
1,14527,335.0
1,26743,155.0
1,6118,32.0
1,6117,32.0
1,10969,39.0
1,10968,39.0
1,12957,85.0
1,12956,85.0
1,12958,85.0
1,6128,75.0
1,6126,75.0
1,6121,155.0
1,6120,155.0
1,6119,155.0
1,25158,160.0
1,25159,182.0
1,11481,115.0
1,11483,115.0
1,11482,115.0
1,27717,165.0
1,27718,165.0
1,27719,165.0
1,12881,45.0
1,12877,50.0
1,12878,45.0
1,26827,46.0
1,26825,46.0
1,25666,72.0
1,25665,75.0
1,25664,75.0
1,27200,154.0
1,27201,154.0
1,27204,154.0
1,27203,154.0
1,27202,154.0
1,13429,165.0
1,27206,195.0
1,27207,195.0
1,8097,165.0
1,8099,180.0
1,8098,180.0
1,8101,215.0
1,8100,185.0
1,8094,165.0
1,8096,165.0
1,8095,165.0
1,22148,190.0
1,22149,190.0
1,22151,190.0
1,22142,180.0
1,22144,180.0
1,22143,180.0
1,7786,320.0
1,22145,235.0
1,22147,235.0
1,22146,320.0
1,14697,470.0
1,14695,365.0
1,14694,365.0
1,14688,369.0
1,14692,345.0
1,14691,369.0
1,14690,480.0
1,7392,175.0
1,7393,175.0
1,7965,265.0
1,7966,265.0
1,2090,43.0
1,2089,43.0
1,2092,43.0
1,2091,43.0
1,11029,50.0
1,11030,50.0
1,11032,50.0
1,11031,50.0
1,6369,210.0
1,6370,210.0
1,24488,54.0
1,24485,90.0
1,24487,90.0
1,25003,88.0
1,6873,39.0
1,11028,39.0
1,27535,55.0
1,27538,55.0
1,27537,55.0
1,24998,75.0
1,24999,75.0
1,6375,53.0
1,6376,53.0
1,6378,55.0
1,6377,53.0
1,27530,62.0
1,27531,62.0
1,27532,62.0
1,11023,74.0
1,11024,79.0
1,11025,79.0
1,6383,75.0
1,24992,85.0
1,11033,115.0
1,11034,115.0
1,11035,115.0
1,6381,100.0
1,6382,100.0
1,6380,100.0
1,28420,150.0
1,28421,150.0
1,28423,150.0
1,28424,150.0
1,6372,125.0
1,28427,165.0
1,28428,165.0
1,28429,165.0
1,28430,165.0
1,6878,50.0
1,27540,59.0
1,27541,60.0
1,27543,60.0
1,27545,60.0
1,27547,60.0
1,27542,60.0
1,28433,90.0
1,25049,140.0
1,27548,235.0
1,6880,51.0
1,6392,61.0
1,6398,61.0
1,6395,61.0
1,6397,61.0
1,6411,95.0
1,6409,95.0
1,6413,95.0
1,6408,95.0
1,6412,95.0
1,11100,100.0
1,11101,100.0
1,11103,100.0
1,11105,100.0
1,6418,115.0
1,11094,145.0
1,11095,145.0
1,11098,145.0
1,11097,145.0
1,11096,145.0
1,6424,235.0
1,6426,235.0
1,27787,330.0
1,27788,325.0
1,6885,380.0
1,6427,415.0
1,23526,420.0
1,6387,350.0
1,27486,465.0
1,6389,545.0
1,23530,730.0
1,11109,195.0
1,11107,215.0
1,11108,215.0
1,27549,340.0
1,6879,105.0
1,10617,90.0
1,10618,165.0
1,14119,43.0
1,14120,43.0
1,14121,43.0
1,14122,45.0
1,14123,45.0
1,14124,45.0
1,7139,50.0
1,7140,50.0
1,7138,50.0
1,7137,50.0
1,24379,120.0
1,24380,120.0
1,7147,58.0
1,7148,57.0
1,7149,57.0
1,7150,58.0
1,16617,80.0
1,16618,80.0
1,16619,80.0
1,27794,115.0
1,14521,135.0
1,14522,135.0
1,7289,70.0
1,10624,72.0
1,10625,72.0
1,7288,72.0
1,10622,105.0
1,10623,105.0
1,10621,105.0
1,13246,137.0
1,3027,175.0
1,3029,175.0
1,3031,170.0
1,3028,175.0
1,3030,175.0
1,24819,280.0
1,24818,280.0
1,3038,380.0
1,3039,370.0
1,3037,370.0
1,3035,480.0
1,27505,40.0
1,27500,55.0
1,24274,55.0
1,1914,34.0
1,27506,40.0
1,1911,35.0
1,1912,30.0
1,1915,30.0
1,1910,30.0
1,27499,50.0
1,1909,35.0
1,27508,80.0
1,24273,24.0
1,24272,60.0
1,27504,35.0
1,27501,40.0
1,27507,45.0
1,24276,33.0
1,24271,36.0
1,24275,34.0
1,27503,195.0
1,27502,235.0
1,2683,220.0
1,13004,240.0
1,13006,255.0
1,13005,355.0
1,24510,200.0
1,24542,200.0
1,24524,105.0
1,24526,105.0
1,24525,105.0
1,24523,105.0
1,24563,80.0
1,24561,80.0
1,24562,80.0
1,24560,80.0
1,24559,80.0
1,24558,80.0
1,24564,80.0
1,24566,80.0
1,24557,80.0
1,24534,165.0
1,24530,100.0
1,24581,165.0
1,24541,210.0
1,24575,210.0
1,24519,115.0
1,24517,115.0
1,24518,115.0
1,24514,115.0
1,24520,115.0
1,24521,115.0
1,24550,85.0
1,24549,85.0
1,24551,85.0
1,24552,85.0
1,24553,85.0
1,24546,85.0
1,24548,85.0
1,24554,85.0
1,24555,85.0
1,24579,165.0
1,24578,165.0
1,24577,165.0
1,24580,165.0
1,2233,130.0
1,2235,85.0
1,11075,85.0
1,2234,95.0
1,11073,95.0
1,11074,85.0
1,10620,175.0
1,28431,320.0
1,10619,180.0
1,13215,31.0
1,13216,31.0
1,13217,31.0
1,27559,135.0
1,27561,135.0
1,13198,62.0
1,13204,81.0
1,13206,81.0
1,13208,85.0
1,24585,65.0
1,24587,65.0
1,24588,65.0
1,24586,65.0
1,13196,49.0
1,13219,65.0
1,13193,95.0
1,13218,85.0
1,26835,25.0
1,26837,26.0
1,26846,25.0
1,27554,45.0
1,27555,45.0
1,26842,40.0
1,26844,40.0
1,26840,50.0
1,26855,103.0
1,26831,118.0
1,13226,95.0
1,13228,90.0
1,13227,90.0
1,13209,115.0
1,13210,115.0
1,27791,115.0
1,27792,115.0
1,2789,85.0
1,27552,345.0
1,27562,165.0
1,12999,30.0
1,13001,30.0
1,13002,30.0
1,13003,30.0
1,13000,30.0
1,25658,27.0
1,25655,53.0
1,13184,45.0
1,13181,45.0
1,13182,45.0
1,12520,295.0
1,13242,178.0
1,13243,178.0
1,13241,178.0
1,13237,240.0
1,13239,240.0
1,13238,240.0
1,13240,240.0
1,20504,215.0
1,20506,215.0
1,20503,215.0
1,20505,215.0
1,28097,200.0
1,28098,200.0
1,27734,170.0
1,27737,170.0
1,27739,175.0
1,27740,175.0
1,27741,175.0
1,28095,225.0
1,3055,72.0
1,3056,72.0
1,28101,60.0
1,28102,60.0
1,12555,910.0
1,24589,715.0
1,12685,90.0
1,12684,145.0
1,12865,245.0
1,12687,305.0
1,25218,185.0
1,12693,70.0
1,10964,300.0
1,10967,440.0
1,10960,565.0
1,10966,640.0
1,25154,700.0
1,25152,835.0
1,10963,570.0
1,12503,630.0
1,12562,205.0
1,27519,320.0
1,12563,440.0
1,12863,490.0
1,12517,440.0
1,26749,400.0
1,12513,430.0
1,12515,430.0
1,11114,320.0
1,10933,400.0
1,10936,400.0
1,26732,390.0
1,12501,400.0
1,10934,400.0
1,10937,390.0
1,10932,525.0
1,10931,525.0
1,10928,395.0
1,10929,525.0
1,10930,415.0
1,10926,415.0
1,12901,445.0
1,26730,610.0
1,12930,540.0
1,12929,530.0
1,26729,580.0
1,12508,40.0
1,12511,40.0
1,12510,40.0
1,12509,40.0
1,11054,585.0
1,12908,625.0
1,27229,780.0
1,11041,675.0
1,11044,1110.0
1,27688,420.0
1,16375,72.0
1,16377,74.0
1,16380,72.0
1,26820,128.0
1,16381,76.0
1,16382,76.0
1,26819,128.0
1,16378,72.0
1,16376,74.0
1,26821,128.0
1,16383,76.0
1,16379,76.0
1,11050,72.0
1,27689,140.0
1,27690,120.0
1,27691,120.0
1,27692,130.0
1,27693,100.0
1,27694,130.0
1,27695,130.0
1,27696,150.0
1,11040,155.0
1,11045,50.0
1,12927,25.0
1,26746,340.0
1,26747,390.0
1,12915,18.0
1,12916,27.0
1,12917,56.0
1,12912,21.0
1,12913,39.0
1,12914,80.0
1,12909,23.0
1,12910,44.0
1,12911,87.0
1,27527,350.0
1,27526,625.0
1,11071,360.0
1,11072,447.0
1,6510,600.0
1,28447,625.0
1,28448,695.0
1,25349,310.0
1,25341,300.0
1,25343,300.0
1,25335,345.0
1,25350,320.0
1,25342,320.0
1,25344,320.0
1,25336,370.0
1,25361,465.0
1,25367,420.0
1,25365,450.0
1,25369,490.0
1,25359,425.0
1,25363,440.0
1,25362,485.0
1,25368,440.0
1,25366,470.0
1,25370,510.0
1,25360,430.0
1,25364,450.0
1,25303,310.0
1,25305,400.0
1,25379,490.0
1,25373,420.0
1,25375,450.0
1,25377,490.0
1,25381,490.0
1,25384,410.0
1,12996,295.0
1,12995,350.0
1,12997,320.0
1,12994,400.0
1,24797,460.0
1,24800,460.0
1,24801,460.0
1,28441,615.0
1,28443,615.0
1,25046,1280.0
1,27239,450.0
1,27240,470.0
1,27244,430.0
1,27245,430.0
1,27246,440.0
1,27243,490.0
1,6360,45.0
1,28093,55.0
1,28094,65.0
1,13345,80.0
1,12992,155.0
1,12993,185.0
1,28409,40.0
1,3,38.0
1,27715,41.0
1,10924,45.0
1,10923,60.0
1,28411,53.0
1,12953,25.0
1,12952,25.0
1,28410,85.0
1,12951,60.0
1,27714,67.0
1,6349,33.0
1,6354,40.0
1,2696,25.0
1,28092,52.0
1,2701,50.0
1,2697,55.0
1,2703,60.0
1,2695,70.0
1,2699,115.0
1,2704,28.0
1,2702,40.0
1,13008,70.0
1,13009,20.0
1,356,17.0
1,355,28.0
1,357,32.0
1,28045,27.0
1,354,41.0
1,13013,18.0
1,13012,29.0
1,13014,35.0
1,13010,38.0
1,13011,43.0
1,8,20.0
1,3050,22.0
1,3053,25.0
1,24382,124.0
1,2843,46.0
1,2844,46.0
1,339,33.0
1,10947,33.0
1,10945,25.0
1,10946,25.0
1,10944,31.0
1,11005,124.0
1,11006,124.0
1,11009,41.0
1,11010,41.0
1,28049,140.0
1,2117,67.0
1,2118,90.0
1,11039,70.0
1,13176,100.0
1,25172,100.0
1,26814,128.0
1,27477,155.0
1,27198,177.0
1,13178,60.0
1,26813,87.0
1,27366,73.0
1,27197,95.0
1,27365,105.0
1,13179,158.0
1,13175,205.0
1,27282,185.0
1,27281,280.0
1,25021,320.0
1,25020,410.0
1,28050,500.0
1,13180,490.0
1,27478,460.0
1,27476,590.0
1,25206,150.0
1,26752,200.0
1,26753,200.0
1,26754,200.0
1,25213,158.0
1,25211,225.0
1,27269,65.0
1,27268,92.0
1,27270,109.0
1,27727,22.0
1,27729,205.0
1,27730,215.0
1,27731,270.0
1,28415,135.0
1,27732,55.0
1,12962,295.0
1,27523,340.0
1,12960,346.0
1,24462,460.0
1,28039,585.0
1,28412,605.0
1,13024,390.0
1,2689,105.0
1,2691,130.0
1,13103,87.0
1,13104,102.0
1,13117,85.0
1,13118,100.0
1,13114,143.0
1,13115,200.0
1,13109,170.0
1,13110,270.0
1,13111,475.0
1,27265,155.0
1,27266,200.0
1,28046,185.0
1,28047,265.0
1,28048,420.0
1,13122,19.0
1,13123,21.0
1,13124,25.0
1,13125,41.0
1,13126,59.0
1,4,40.0
1,27335,75.0
1,5,88.0
1,27336,125.0
1,2692,32.0
1,2693,72.0
1,6115,95.0
1,6113,84.0
1,6114,87.0
1,6571,120.0
1,12955,35.0
1,11475,55.0
1,14517,55.0
1,14515,90.0
1,14516,70.0
1,26750,80.0
1,11137,115.0
1,11138,76.0
1,13347,160.0
1,13348,155.0
1,6586,340.0
1,6587,340.0
1,6578,320.0
1,6579,320.0
1,6584,380.0
1,6585,380.0
1,6589,115.0
1,6610,130.0
1,6583,148.0
1,6604,171.0
1,6591,125.0
1,6580,200.0
1,6601,230.0
1,6581,200.0
1,7686,135.0
1,10971,165.0
1,7684,165.0
1,10972,195.0
1,7685,175.0
1,10973,215.0
1,3046,115.0
1,6575,115.0
1,11477,70.0
1,11476,125.0
1,26756,70.0
1,26755,125.0
2,26054,815.0
2,26055,815.0
2,26053,815.0
2,3183,675.0
2,3184,675.0
2,3132,625.0
2,3246,575.0
2,3245,575.0
2,19389,135.0
2,19390,135.0
2,19391,135.0
2,19392,140.0
2,19401,142.0
2,19393,140.0
2,19394,140.0
2,19403,142.0
2,19395,148.0
2,19404,151.0
2,19397,148.0
2,27010,135.0
2,7895,175.0
2,7896,178.0
2,7897,175.0
2,20457,190.0
2,20458,190.0
2,20459,190.0
2,21246,201.0
2,21247,201.0
2,21248,201.0
2,20460,235.0
2,21194,245.0
2,20461,235.0
2,21195,245.0
2,20462,235.0
2,21196,245.0
2,19746,215.0
2,19748,215.0
2,19747,215.0
2,19755,255.0
2,19757,255.0
2,19756,255.0
2,24464,190.0
2,24463,190.0
2,24466,215.0
2,24465,215.0
2,27012,173.0
2,27013,173.0
2,27015,183.0
2,27016,183.0
2,27772,310.0
2,27773,310.0
2,27775,310.0
2,27782,365.0
2,27783,365.0
2,27785,365.0
2,11370,310.0
2,11367,310.0
2,24470,225.0
2,24471,225.0
2,25720,370.0
2,25748,380.0
2,25721,370.0
2,25749,380.0
2,25724,400.0
2,25725,400.0
2,11357,375.0
2,27725,320.0
2,27726,320.0
2,25704,420.0
2,25732,425.0
2,25706,420.0
2,25734,425.0
2,25733,425.0
2,25708,450.0
2,25736,460.0
2,25710,445.0
2,25738,460.0
2,25709,450.0
2,25737,460.0
2,707,575.0
2,728,625.0
2,19408,570.0
2,19409,570.0
2,19412,630.0
2,19414,630.0
2,19417,675.0
2,19415,675.0
2,10839,700.0
2,10840,700.0
2,10842,700.0
2,10846,765.0
2,10847,765.0
2,10849,765.0
2,10827,860.0
2,10828,880.0
2,12966,780.0
2,12967,780.0
2,12968,910.0
2,12969,910.0
2,10802,1050.0
2,10865,1080.0
2,10798,950.0
2,10861,1060.0
2,10800,950.0
2,10863,1060.0
2,10797,950.0
2,10872,1180.0
2,10805,1135.0
2,10807,1135.0
2,25452,860.0
2,25508,880.0
2,25451,840.0
2,25450,840.0
2,25459,1010.0
2,25458,1010.0
2,25457,1010.0
2,25438,980.0
2,25437,1010.0
2,25445,1090.0
2,25444,1120.0
2,25466,1090.0
2,25465,1080.0
2,25464,1090.0
2,25467,1090.0
2,25473,1330.0
2,25472,1310.0
2,25471,1315.0
2,25474,1310.0
2,25487,1610.0
2,25486,1610.0
2,25485,1610.0
2,15576,800.0
2,15577,800.0
2,15580,1040.0
2,15579,1020.0
2,15584,1090.0
2,15583,1090.0
2,15587,1675.0
2,15586,1670.0
2,15589,1675.0
2,15591,1775.0
2,15590,1770.0
2,15593,1770.0
2,24413,135.0
2,24415,175.0
2,24417,173.0
2,24418,173.0
2,24419,210.0
2,24420,210.0
2,24878,305.0
2,24881,284.0
2,24893,285.0
2,24884,320.0
2,24896,330.0
2,13784,375.0
2,13783,375.0
2,13785,375.0
2,14782,460.0
2,13790,450.0
2,13791,455.0
2,13775,500.0
2,13776,500.0
2,13781,625.0
2,13782,625.0
2,13793,480.0
2,13792,480.0
2,13799,565.0
2,13798,565.0
2,13766,645.0
2,13767,645.0
2,13772,810.0
2,19689,310.0
2,19725,330.0
2,19691,310.0
2,19690,310.0
2,19692,365.0
2,19693,365.0
2,19680,495.0
2,19681,495.0
2,7968,715.0
2,14755,770.0
2,7971,910.0
2,7972,910.0
2,19701,675.0
2,24429,750.0
2,19703,775.0
2,19697,980.0
2,7981,880.0
2,14790,920.0
2,7975,1040.0
2,7976,1040.0
2,19683,1000.0
2,19686,1160.0
2,19671,1290.0
2,19673,1400.0
2,27386,760.0
2,27617,140.0
2,27621,150.0
2,19659,140.0
2,19632,185.0
2,19638,205.0
2,25039,255.0
2,25043,300.0
2,25045,300.0
2,25044,300.0
2,26702,545.0
2,26704,545.0
2,28054,545.0
2,26703,545.0
2,26706,595.0
2,26708,610.0
2,26792,655.0
2,26798,910.0
2,13231,210.0
2,13320,220.0
2,13232,210.0
2,13321,220.0
2,13337,215.0
2,13339,265.0
2,26641,395.0
2,11442,325.0
2,25574,435.0
2,11463,595.0
2,28057,370.0
2,28061,420.0
2,28062,420.0
2,28076,470.0
2,24297,525.0
2,28070,575.0
2,24285,730.0
2,27629,575.0
2,27634,625.0
2,28083,730.0
2,28088,780.0
2,24280,830.0
2,24284,880.0
2,26938,930.0
2,24499,1090.0
2,25178,1390.0
2,25181,1550.0
2,27639,990.0
2,27640,830.0
2,11093,1260.0
2,27614,50.0
2,27611,180.0
2,27610,180.0
2,27608,180.0
2,27609,215.0
2,27612,275.0
2,27681,60.0
2,27682,58.0
2,27683,62.0
2,27684,68.0
2,27685,62.0
2,27686,58.0
2,27687,62.0
2,27278,73.0
2,27280,73.0
3,19405,142.0
3,25722,386.0
3,19420,590.0
3,19421,590.0
3,12391,130.0
3,26426,135.0
3,26427,135.0
3,26429,135.0
3,26431,145.0
3,26432,145.0
3,26434,145.0
3,16585,152.0
3,16586,152.0
3,16589,165.0
3,16590,165.0
3,16593,169.0
3,16597,193.0
3,16623,178.0
3,16624,177.0
3,16625,177.0
3,16643,193.0
3,16646,205.0
3,10706,205.0
3,24912,208.0
3,24914,210.0
3,24915,210.0
3,24917,221.0
3,24922,229.0
3,24924,229.0
3,24923,229.0
3,24976,285.0
3,24977,285.0
3,24978,285.0
3,24936,310.0
3,24940,347.0
3,24984,348.0
3,24941,347.0
3,24986,348.0
3,25263,345.0
3,25264,345.0
3,25266,345.0
3,25197,375.0
3,24946,400.0
3,24945,400.0
3,24954,453.0
3,24952,453.0
3,24953,465.0
3,27370,560.0
3,27371,560.0
3,27372,560.0
3,27374,600.0
3,27375,600.0
3,27376,600.0
3,27468,700.0
3,27470,700.0
3,27469,700.0
3,27388,765.0
3,27387,765.0
3,27398,875.0
3,27399,875.0
3,25601,939.0
3,25600,939.0
3,25560,1330.0
3,27070,1160.0
3,27073,1160.0
3,27072,1190.0
3,27071,1190.0
3,25023,345.0
3,25027,406.0
3,26690,402.0
3,26692,402.0
3,28052,405.0
3,26691,402.0
3,26694,430.0
3,26698,460.0
3,26700,460.0
3,26699,460.0
3,27128,165.0
3,27131,175.0
3,27122,197.0
3,27123,197.0
3,27125,207.0
3,27126,207.0
3,13229,180.0
3,13318,185.0
3,24754,255.0
3,24755,255.0
3,24595,285.0
3,24757,295.0
3,25131,320.0
3,25135,385.0
3,25137,385.0
3,25586,565.0
3,25630,595.0
3,25590,645.0
3,25634,670.0
3,27340,180.0
3,27338,180.0
3,21215,205.0
3,21213,205.0
3,21221,235.0
3,21219,235.0
3,21220,235.0
3,25236,310.0
3,25241,350.0
3,24400,400.0
3,24399,400.0
3,24401,400.0
3,24404,435.0
3,24403,435.0
3,24405,435.0
3,26549,375.0
3,26547,375.0
3,26548,375.0
3,14714,420.0
3,14717,490.0
3,14720,525.0
3,27343,525.0
3,27344,525.0
3,27342,525.0
3,27347,575.0
3,27346,575.0
3,27363,850.0
3,27364,850.0
3,26609,1130.0
3,26599,125.0
3,26600,155.0
3,26598,165.0
3,2851,70.0
3,2850,140.0
3,2848,140.0
3,5904,170.0
3,2849,340.0
3,12688,95.0
3,12690,150.0
3,2847,60.0
3,2846,55.0
6,19474,1410.0
6,19473,1380.0
6,19472,1430.0
6,19478,1630.0
6,19477,1580.0
6,19476,1700.0
6,19482,1850.0
6,19481,2100.0
6,19480,2040.0
6,19484,2500.0
6,19483,2300.0
6,28222,1430.0
6,28221,1390.0
6,28220,1440.0
6,28225,1650.0
6,28224,1630.0
6,28223,1750.0
6,28228,1900.0
6,28227,1950.0
6,28226,2100.0
6,28231,2300.0
6,28230,2400.0
6,28229,2700.0
6,19458,1510.0
6,19457,1510.0
6,19456,1520.0
6,19462,1800.0
6,19461,1750.0
6,19460,1780.0
6,19466,2200.0
6,19465,2100.0
6,19464,2100.0
6,19470,2700.0
6,19469,2600.0
6,19468,2350.0
6,28179,1520.0
6,28178,1520.0
6,28177,1550.0
6,28182,1800.0
6,28181,1790.0
6,28180,1810.0
6,28185,2200.0
6,28184,2130.0
6,28183,2150.0
6,28337,2730.0
6,19502,1320.0
6,19501,1310.0
6,19500,1320.0
6,19506,1550.0
6,19505,1440.0
6,19504,1640.0
6,19507,1680.0
6,28234,1340.0
6,28233,1330.0
6,28232,1340.0
6,28237,1710.0
6,28236,1490.0
6,28235,1710.0
6,28355,1700.0
6,19490,1400.0
6,19489,1390.0
6,19488,1390.0
6,19494,1700.0
6,19493,1650.0
6,19492,1650.0
6,28200,1440.0
6,28199,1400.0
6,28198,1410.0
6,28203,1740.0
6,28202,1670.0
6,28201,1700.0
6,28186,980.0
6,28189,1040.0
6,28188,1000.0
6,28187,980.0
6,28339,920.0
6,28315,940.0
6,7112,1280.0
6,9216,1100.0
6,9217,1320.0
6,12469,410.0
6,12470,420.0
6,12468,410.0
6,12474,510.0
6,12476,515.0
6,12475,535.0
6,12473,545.0
6,12437,625.0
6,11719,830.0
6,11720,565.0
6,11721,650.0
6,11722,980.0
6,11736,1040.0
6,11737,1140.0
6,11683,830.0
6,11989,675.0
6,11990,770.0
6,11981,1040.0
6,26335,750.0
6,26340,870.0
6,11977,830.0
6,11978,1040.0
6,11985,1140.0
6,26395,930.0
6,26400,1110.0
6,11703,1070.0
6,11704,1240.0
6,11705,1680.0
6,11706,1800.0
6,11730,1650.0
6,11731,1880.0
6,11732,2000.0
6,11733,2150.0
6,24225,1140.0
6,24228,1340.0
6,24231,1600.0
6,24234,1750.0
6,24261,1600.0
6,24264,1800.0
6,24267,1950.0
6,24270,2100.0
6,11742,830.0
6,11679,1190.0
6,11680,1370.0
6,11681,1630.0
6,11682,1700.0
6,11709,1580.0
6,11710,2030.0
6,11711,2250.0
6,11712,2350.0
6,24249,1340.0
6,24252,1490.0
6,24255,1650.0
6,24258,1850.0
6,24237,1600.0
6,24240,2100.0
6,24243,2300.0
6,24246,2600.0
6,9605,930.0
6,9609,1040.0
6,9606,980.0
6,15567,1450.0
6,25985,1220.0
6,26010,1700.0
6,9237,1040.0
6,9241,1450.0
6,9242,1750.0
6,9617,1040.0
6,9621,1240.0
6,9625,1240.0
6,9618,1270.0
6,9622,1360.0
6,9626,1440.0
6,12302,1260.0
6,12306,1650.0
6,12303,1750.0
6,25776,1590.0
6,25796,1940.0
6,16856,1910.0
6,9844,1820.0
6,9845,2000.0
6,9850,2400.0
6,9720,2500.0
6,25867,2540.0
6,25885,3570.0
6,25870,2970.0
6,9689,2700.0
6,9790,3450.0
6,9795,3960.0
6,25949,2950.0
6,25961,4700.0
